Date,High,Low,Open,Close,Volume,Adj Close
2018-01-01,782.530029296875,742.0040283203125,755.7570190429688,772.6409912109375,2595760128,772.6409912109375
2018-01-02,914.8300170898438,772.3460083007812,772.3460083007812,884.4439697265625,5783349760,884.4439697265625
2018-01-03,974.4710083007812,868.4509887695312,886.0,962.719970703125,5093159936,962.719970703125
2018-01-04,1045.0799560546875,946.0859985351562,961.7130126953125,980.9219970703125,6502859776,980.9219970703125
2018-01-05,1075.3900146484375,956.3250122070312,975.75,997.719970703125,6683149824,997.719970703125
2018-01-06,1060.7099609375,994.6220092773438,995.1539916992188,1041.6800537109375,4662219776,1041.6800537109375
2018-01-07,1153.1700439453125,1043.010009765625,1043.010009765625,1153.1700439453125,5569880064,1153.1700439453125
2018-01-08,1266.9300537109375,1016.0499877929688,1158.260009765625,1148.530029296875,8450970112,1148.530029296875
2018-01-09,1320.97998046875,1145.489990234375,1146.0,1299.739990234375,7965459968,1299.739990234375
2018-01-10,1417.3800048828125,1226.5999755859375,1300.3399658203125,1255.8199462890625,9214950400,1255.8199462890625
2018-01-11,1337.300048828125,1135.1700439453125,1268.0899658203125,1154.9300537109375,7235899904,1154.9300537109375
2018-01-12,1296.0400390625,1120.0899658203125,1158.2900390625,1273.199951171875,5222300160,1273.199951171875
2018-01-13,1432.8800048828125,1270.469970703125,1270.469970703125,1396.4200439453125,5746760192,1396.4200439453125
2018-01-14,1400.56005859375,1286.2099609375,1397.47998046875,1366.77001953125,4841630208,1366.77001953125
2018-01-15,1390.5899658203125,1290.5999755859375,1365.2099609375,1291.9200439453125,4781100032,1291.9200439453125
2018-01-16,1292.6300048828125,875.5449829101562,1292.6300048828125,1053.68994140625,8405139968,1053.68994140625
2018-01-17,1090.22998046875,780.9219970703125,1061.3399658203125,1014.25,8545160192,1014.25
2018-01-18,1100.31005859375,967.7589721679688,1016.4400024414062,1036.280029296875,5938319872,1036.280029296875
2018-01-19,1093.219970703125,1003.7100219726562,1028.8199462890625,1039.0999755859375,4084450048,1039.0999755859375
2018-01-20,1167.1099853515625,1044.949951171875,1044.949951171875,1155.1500244140625,3975190016,1155.1500244140625
2018-01-21,1155.6800537109375,1021.5,1155.6800537109375,1049.5799560546875,3378089984,1049.5799560546875
2018-01-22,1089.0999755859375,930.7410278320312,1055.3499755859375,1003.260009765625,3810099968,1003.260009765625
2018-01-23,1023.22998046875,920.5399780273438,1004.1699829101562,986.22900390625,3556699904,986.22900390625
2018-01-24,1062.43994140625,965.8079833984375,987.4769897460938,1058.780029296875,3944039936,1058.780029296875
2018-01-25,1104.6600341796875,1034.739990234375,1063.219970703125,1056.030029296875,4050190080,1056.030029296875
2018-01-26,1080.5999755859375,996.7839965820312,1052.699951171875,1055.1700439453125,3617690112,1055.1700439453125
2018-01-27,1121.97998046875,1042.1199951171875,1055.75,1107.0699462890625,3002870016,1107.0699462890625
2018-01-28,1257.77001953125,1111.780029296875,1111.780029296875,1246.010009765625,5372329984,1246.010009765625
2018-01-29,1256.699951171875,1169.0799560546875,1246.699951171875,1182.3599853515625,3715079936,1182.3599853515625
2018-01-30,1184.6300048828125,1058.969970703125,1184.1300048828125,1071.1300048828125,4107859968,1071.1300048828125
2018-01-31,1128.6600341796875,1034.5,1071.0899658203125,1118.31005859375,3757560064,1118.31005859375
2018-02-01,1161.3499755859375,984.8189697265625,1119.3699951171875,1036.7900390625,5261680128,1036.7900390625
2018-02-02,1035.77001953125,757.97998046875,1035.77001953125,915.7849731445312,6713290240,915.7849731445312
2018-02-03,991.9429931640625,847.6900024414062,919.2109985351562,964.0189819335938,3243480064,964.0189819335938
2018-02-04,969.031982421875,805.0640258789062,964.6669921875,834.6820068359375,2997090048,834.6820068359375
2018-02-05,856.64599609375,644.5989990234375,834.9580078125,697.9509887695312,4269530112,697.9509887695312
2018-02-06,796.4390258789062,574.4190063476562,707.7369995117188,793.1220092773438,6518269952,793.1220092773438
2018-02-07,851.2000122070312,723.4329833984375,790.427978515625,757.0679931640625,3896179968,757.0679931640625
2018-02-08,845.0859985351562,755.843017578125,755.843017578125,817.8070068359375,3708189952,817.8070068359375
2018-02-09,884.0040283203125,788.833984375,818.47998046875,883.864990234375,2495820032,883.864990234375
2018-02-10,917.4000244140625,825.5770263671875,882.4669799804688,860.4149780273438,2930530048,860.4149780273438
2018-02-11,859.2880249023438,788.2219848632812,859.2880249023438,814.6599731445312,2486650112,814.6599731445312
2018-02-12,875.93701171875,817.5079956054688,817.5079956054688,868.7069702148438,2243450112,868.7069702148438
2018-02-13,870.708984375,828.8369750976562,869.2930297851562,845.2579956054688,2081170048,845.2579956054688
2018-02-14,926.4290161132812,844.2789916992188,844.2789916992188,923.5609741210938,2818370048,923.5609741210938
2018-02-15,951.947998046875,911.1110229492188,923.72802734375,936.9760131835938,2900100096,936.9760131835938
2018-02-16,950.0050048828125,917.8480224609375,934.7860107421875,944.2100219726562,2369449984,944.2100219726562
2018-02-17,976.594970703125,940.7540283203125,944.7479858398438,974.114990234375,2525720064,974.114990234375
2018-02-18,982.9329833984375,915.4450073242188,973.3489990234375,923.9210205078125,2567290112,923.9210205078125
2018-02-19,957.7769775390625,921.5540161132812,921.6680297851562,943.864990234375,2169019904,943.864990234375
2018-02-20,965.2650146484375,892.9539794921875,943.5670166015625,895.3709716796875,2545260032,895.3709716796875
2018-02-21,912.375,830.56298828125,894.135009765625,849.9710083007812,2531729920,849.9710083007812
2018-02-22,875.926025390625,802.6680297851562,849.2620239257812,812.844970703125,2150370048,812.844970703125
2018-02-23,886.3179931640625,794.791015625,811.5850219726562,864.1890258789062,2334820096,864.1890258789062
2018-02-24,879.531005859375,818.5499877929688,861.593017578125,840.5150146484375,1926579968,840.5150146484375
2018-02-25,853.14599609375,822.3809814453125,839.458984375,844.8099975585938,1646960000,844.8099975585938
2018-02-26,880.3920288085938,842.3189697265625,845.2780151367188,869.3150024414062,2044480000,869.3150024414062
2018-02-27,896.2589721679688,867.0969848632812,870.364990234375,878.2650146484375,2053980032,878.2650146484375
2018-02-28,890.1079711914062,855.1240234375,877.9340209960938,855.198974609375,1963980032,855.198974609375
2018-03-01,880.302001953125,851.9199829101562,856.0120239257812,872.2000122070312,1868519936,872.2000122070312
2018-03-02,876.3779907226562,852.4219970703125,871.7639770507812,856.85302734375,1894419968,856.85302734375
2018-03-03,868.4539794921875,855.2069702148438,856.7109985351562,857.2249755859375,1699369984,857.2249755859375
2018-03-04,867.9500122070312,840.280029296875,856.1859741210938,866.677978515625,1697939968,866.677978515625
2018-03-05,869.9199829101562,853.52001953125,866.8460083007812,853.6840209960938,1898489984,853.6840209960938
2018-03-06,853.8170166015625,809.9310302734375,853.8170166015625,816.9509887695312,1943069952,816.9509887695312
2018-03-07,825.6069946289062,726.5469970703125,816.27099609375,752.8309936523438,2175419904,752.8309936523438
2018-03-08,773.7670288085938,696.1690063476562,752.5700073242188,704.5960083007812,1891640064,704.5960083007812
2018-03-09,729.156005859375,648.1069946289062,702.197021484375,728.916015625,2233019904,728.916015625
2018-03-10,748.031005859375,682.6950073242188,730.1599731445312,686.8900146484375,1532960000,686.8900146484375
2018-03-11,735.8309936523438,668.1229858398438,685.31201171875,723.3389892578125,1562680064,723.3389892578125
2018-03-12,742.5139770507812,683.2680053710938,724.406005859375,699.8309936523438,1764999936,699.8309936523438
2018-03-13,713.7349853515625,682.3499755859375,698.1530151367188,690.8270263671875,1425959936,690.8270263671875
2018-03-14,702.7839965820312,594.0999755859375,691.218994140625,614.291015625,1810560000,614.291015625
2018-03-15,620.6160278320312,579.5050048828125,614.8389892578125,611.3040161132812,1770460032,611.3040161132812
2018-03-16,623.1680297851562,587.8619995117188,611.7780151367188,601.666015625,1417350016,601.666015625
2018-03-17,609.1510009765625,549.0960083007812,601.677978515625,552.7789916992188,1267810048,552.7789916992188
2018-03-18,551.6400146484375,460.0880126953125,551.6400146484375,538.6439819335938,2685499904,538.6439819335938
2018-03-19,558.0999755859375,519.1229858398438,546.6259765625,556.7260131835938,2046790016,556.7260131835938
2018-03-20,567.0900268554688,521.2039794921875,556.7219848632812,557.1749877929688,1833680000,557.1749877929688
2018-03-21,589.6069946289062,550.572021484375,559.0999755859375,561.7319946289062,1781270016,561.7319946289062
2018-03-22,577.5659790039062,523.0889892578125,562.10302734375,539.7020263671875,1523459968,539.7020263671875
2018-03-23,540.4869995117188,512.1270141601562,539.864013671875,539.6190185546875,1596349952,539.6190185546875
2018-03-24,545.3820190429688,526.0800170898438,542.572021484375,526.4390258789062,1300009984,526.4390258789062
2018-03-25,526.3790283203125,470.44000244140625,524.2869873046875,489.95098876953125,1638880000,489.95098876953125
2018-03-25,535.8209838867188,515.6589965820312,522.7030029296875,524.2869873046875,1151170048,524.2869873046875
2018-03-26,491.4590148925781,449.97100830078125,489.5899963378906,450.1159973144531,1617939968,450.1159973144531
2018-03-27,466.21099853515625,444.8609924316406,450.2909851074219,446.27899169921875,1514179968,446.27899169921875
2018-03-28,450.81298828125,385.81298828125,448.07501220703125,385.9679870605469,1970230016,385.9679870605469
2018-03-29,409.9289855957031,368.63299560546875,385.9049987792969,394.6449890136719,1878130048,394.6449890136719
2018-03-30,418.4679870605469,392.9530029296875,395.0039978027344,396.4570007324219,1323920000,396.4570007324219
2018-03-31,400.52801513671875,363.80499267578125,397.2539978027344,379.60699462890625,1256930048,379.60699462890625
2018-04-01,395.1709899902344,377.5929870605469,379.6990051269531,386.42498779296875,1102259968,386.42498779296875
2018-04-02,418.9679870605469,383.5320129394531,387.31201171875,416.89300537109375,1363399936,416.89300537109375
2018-04-03,417.47198486328125,375.30999755859375,416.4849853515625,380.5429992675781,1287730048,380.5429992675781
2018-04-04,387.71600341796875,369.8160095214844,379.9469909667969,383.23199462890625,1210680064,383.23199462890625
2018-04-05,385.19500732421875,366.9110107421875,382.7309875488281,370.2850036621094,967105984,370.2850036621094
2018-04-06,393.0589904785156,369.9360046386719,370.3800048828125,385.3139953613281,951475008,385.3139953613281
2018-04-07,402.5899963378906,385.60198974609375,385.7430114746094,400.50799560546875,948488000,400.50799560546875
2018-04-08,429.2510070800781,390.6099853515625,400.85699462890625,398.5260009765625,1478390016,398.5260009765625
2018-04-09,415.88800048828125,393.8789978027344,399.4110107421875,414.2430114746094,1196000000,414.2430114746094
2018-04-10,430.5400085449219,412.47100830078125,415.02398681640625,430.5400085449219,1439040000,430.5400085449219
2018-04-11,493.0580139160156,417.4129943847656,430.1610107421875,492.9410095214844,2519360000,492.9410095214844
2018-04-12,526.469970703125,482.65899658203125,493.1600036621094,492.7349853515625,2419249920,492.7349853515625
2018-04-13,512.0239868164062,488.27899169921875,492.5799865722656,501.4779968261719,1519079936,501.4779968261719
2018-04-14,531.7020263671875,502.8800048828125,502.8800048828125,531.7020263671875,1726089984,531.7020263671875
2018-04-15,534.197021484375,500.25,532.073974609375,511.1470031738281,1758979968,511.1470031738281
2018-04-16,518.031005859375,502.5639953613281,511.1449890136719,502.8940124511719,1760359936,502.8940124511719
2018-04-17,525.0919799804688,503.0450134277344,503.3089904785156,524.7890014648438,1762940032,524.7890014648438
2018-04-18,567.8889770507812,523.2620239257812,524.0380249023438,567.8889770507812,2256869888,567.8889770507812
2018-04-19,618.7150268554688,560.2830200195312,567.989013671875,615.718017578125,2849469952,615.718017578125
2018-04-20,621.8880004882812,578.5499877929688,616.0040283203125,605.39501953125,2612460032,605.39501953125
2018-04-21,640.7670288085938,593.8690185546875,606.1190185546875,621.8599853515625,2426269952,621.8599853515625
2018-04-22,646.7000122070312,621.0349731445312,621.198974609375,642.5479736328125,2386830080,642.5479736328125
2018-04-23,708.875,643.3980102539062,643.3980102539062,708.1580200195312,3581860096,708.1580200195312
2018-04-24,707.06201171875,600.2119750976562,707.06201171875,615.416015625,4216140032,615.416015625
2018-04-25,663.1810302734375,604.0070190429688,618.0789794921875,662.8090209960938,2984009984,662.8090209960938
2018-04-26,684.8679809570312,647.031982421875,662.1090087890625,647.031982421875,2598129920,647.031982421875
2018-04-27,691.4420166015625,644.64599609375,644.64599609375,683.677978515625,2496659968,683.677978515625
2018-04-28,697.7559814453125,670.5130004882812,683.9119873046875,688.8809814453125,2740559872,688.8809814453125
2018-04-29,694.4390258789062,666.1170043945312,689.760986328125,669.9240112304688,2853100032,669.9240112304688
2018-04-30,674.4030151367188,637.5399780273438,670.4630126953125,673.6129760742188,2678960128,673.6129760742188
2018-05-01,688.8419799804688,667.4199829101562,674.0750122070312,687.1489868164062,2822269952,687.1489868164062
2018-05-02,784.3410034179688,686.5910034179688,686.5910034179688,779.5430297851562,4210939904,779.5430297851562
2018-05-03,803.7459716796875,762.6320190429688,776.7750244140625,785.6240234375,3533410048,785.6240234375
2018-05-04,827.4550170898438,784.2369995117188,784.5830078125,816.1199951171875,3035040000,816.1199951171875
2018-05-05,835.0570068359375,764.8829956054688,816.0880126953125,792.3109741210938,3105570048,792.3109741210938
2018-05-06,795.7579956054688,710.177978515625,793.3389892578125,753.7249755859375,4316120064,753.7249755859375
2018-05-07,774.2490234375,728.1290283203125,755.0089721679688,752.8569946289062,2920489984,752.8569946289062
2018-05-08,759.5289916992188,718.4719848632812,752.9019775390625,752.2750244140625,2877870080,752.2750244140625
2018-05-09,766.7479858398438,726.6640014648438,752.5789794921875,727.2769775390625,2748950016,727.2769775390625
2018-05-10,736.9769897460938,669.8250122070312,727.0130004882812,679.5859985351562,3290080000,679.5859985351562
2018-05-11,691.4110107421875,644.0659790039062,679.8770141601562,686.0479736328125,2668480000,686.0479736328125
2018-05-12,741.31201171875,675.3189697265625,687.1749877929688,733.4959716796875,2362500096,733.4959716796875
2018-05-13,742.1699829101562,695.7919921875,732.7329711914062,730.5490112304688,3005110016,730.5490112304688
2018-05-14,739.052001953125,700.9949951171875,731.1430053710938,708.8709716796875,2523069952,708.8709716796875
2018-05-15,710.2000122070312,682.541015625,708.0869750976562,707.0499877929688,2476130048,707.0499877929688
2018-05-16,718.8330078125,668.833984375,708.718017578125,672.656982421875,2350619904,672.656982421875
2018-05-17,695.031005859375,663.8090209960938,672.1019897460938,694.3670043945312,2305740032,694.3670043945312
2018-05-18,715.5780029296875,686.791015625,695.072021484375,696.530029296875,2021549952,696.530029296875
2018-05-19,723.7529907226562,692.6690063476562,697.9229736328125,715.3690185546875,2156910080,715.3690185546875
2018-05-20,719.2780151367188,692.4940185546875,717.1929931640625,699.2219848632812,2005170048,699.2219848632812
2018-05-21,700.9760131835938,644.0260009765625,700.177978515625,647.7410278320312,2230469888,647.7410278320312
2018-05-22,651.635986328125,572.9520263671875,646.6699829101562,583.5850219726562,2995429888,583.5850219726562
2018-05-23,610.8179931640625,557.2059936523438,584.5360107421875,601.7550048828125,2791099904,601.7550048828125
2018-05-24,617.1859741210938,575.6240234375,602.1400146484375,586.7340087890625,2110919936,586.7340087890625
2018-05-25,606.1749877929688,583.5120239257812,587.426025390625,587.280029296875,1694300032,587.280029296875
2018-05-26,590.3280029296875,562.8660278320312,588.52001953125,572.6680297851562,1788790016,572.6680297851562
2018-05-27,576.0490112304688,512.552001953125,573.0449829101562,516.0360107421875,2356900096,516.0360107421875
2018-05-28,572.2639770507812,516.1480102539062,516.1480102539062,565.3880004882812,2330820096,565.3880004882812
2018-05-29,583.135986328125,545.4310302734375,566.8300170898438,559.5900268554688,2053970048,559.5900268554688
2018-05-30,585.5380249023438,557.0659790039062,558.4970092773438,577.64501953125,1985040000,577.64501953125
2018-05-31,589.093017578125,567.6649780273438,578.6719970703125,580.0430297851562,1945890048,580.0430297851562
2018-06-01,597.0770263671875,577.322021484375,580.4290161132812,591.8079833984375,1880390016,591.8079833984375
2018-06-02,624.5130004882812,591.2589721679688,591.2589721679688,618.3289794921875,1832550016,618.3289794921875
2018-06-03,623.4290161132812,583.7470092773438,619.43701171875,592.9849853515625,1903430016,592.9849853515625
2018-06-04,611.3300170898438,580.9819946289062,593.406005859375,609.302978515625,1844269952,609.302978515625
2018-06-05,611.6430053710938,596.39599609375,610.2620239257812,607.1240234375,1756530048,607.1240234375
2018-06-06,616.1439819335938,601.6929931640625,607.68701171875,605.18701171875,1880140032,605.18701171875
2018-06-07,608.8109741210938,595.593017578125,605.4429931640625,601.0770263671875,1637779968,601.0770263671875
2018-06-08,608.5830078125,597.56201171875,600.905029296875,597.56201171875,1519309952,597.56201171875
2018-06-09,594.344970703125,511.8890075683594,594.344970703125,526.47900390625,2234880000,526.47900390625
2018-06-10,536.8579711914062,515.2689819335938,524.8569946289062,533.2839965820312,1982119936,533.2839965820312
2018-06-11,538.9550170898438,491.2349853515625,532.7100219726562,496.8429870605469,1932760064,496.8429870605469
2018-06-12,501.9049987792969,459.0039978027344,498.01800537109375,477.4939880371094,2080130048,477.4939880371094
2018-06-13,523.5449829101562,467.46600341796875,478.3810119628906,519.7420043945312,2458650112,519.7420043945312
2018-06-14,521.3049926757812,487.468994140625,520.47998046875,491.0039978027344,1808269952,491.0039978027344
2018-06-15,503.2229919433594,488.85101318359375,490.41400146484375,499.6419982910156,1314109952,499.6419982910156
2018-06-16,507.6409912109375,498.64801025390625,499.4599914550781,500.447998046875,1264870016,500.447998046875
2018-06-17,521.7960205078125,494.0660095214844,499.38299560546875,518.8909912109375,1513869952,518.8909912109375
2018-06-18,542.35302734375,516.31201171875,519.0230102539062,537.9569702148438,1726569984,537.9569702148438
2018-06-19,541.0150146484375,519.3690185546875,538.5059814453125,536.2680053710938,1596290048,536.2680053710938
2018-06-20,543.7169799804688,524.2589721679688,536.447021484375,527.3670043945312,1462070016,527.3670043945312
2018-06-21,527.1939697265625,456.87701416015625,527.1939697265625,465.8169860839844,2226030080,465.8169860839844
2018-06-22,479.1289978027344,462.39300537109375,466.27398681640625,474.5199890136719,1651379968,474.5199890136719
2018-06-23,475.3590087890625,426.468994140625,474.76800537109375,457.6719970703125,2490579968,457.6719970703125
2018-06-24,470.343994140625,448.89599609375,455.9360046386719,460.30999755859375,4007950080,460.30999755859375
2018-06-25,461.2130126953125,432.7720031738281,460.7330017089844,432.7720031738281,1356560000,432.7720031738281
2018-06-26,444.2430114746094,424.8389892578125,432.2439880371094,442.364990234375,1368940032,442.364990234375
2018-06-27,443.6180114746094,419.6830139160156,442.2900085449219,422.364990234375,1360790016,422.364990234375
2018-06-28,441.7929992675781,407.9469909667969,422.5870056152344,436.0090026855469,1564499968,436.0090026855469
2018-06-29,458.7969970703125,436.2090148925781,436.2090148925781,455.17999267578125,1475939968,455.17999267578125
2018-06-30,457.1390075683594,446.385009765625,455.24200439453125,453.9179992675781,1511730048,453.9179992675781
2018-07-01,479.1300048828125,447.1109924316406,453.8240051269531,475.34698486328125,1625789952,475.34698486328125
2018-07-02,483.85400390625,462.5820007324219,475.385986328125,464.19500732421875,1683939968,464.19500732421875
2018-07-03,481.4360046386719,455.18499755859375,464.1510009765625,467.3179931640625,1549769984,467.3179931640625
2018-07-04,483.2250061035156,464.6289978027344,467.2869873046875,474.4119873046875,1828610048,474.4119873046875
2018-07-05,479.6520080566406,457.614990234375,474.35699462890625,474.0119934082031,1627609984,474.0119934082031
2018-07-06,491.6600036621094,466.83599853515625,474.0570068359375,491.6600036621094,1358360064,491.6600036621094
2018-07-07,503.1990051269531,488.4169921875,492.0679931640625,489.1189880371094,1344560000,489.1189880371094
2018-07-08,490.85198974609375,475.17498779296875,488.87799072265625,476.6820068359375,1533799936,476.6820068359375
2018-07-09,478.3179931640625,433.9599914550781,476.1619873046875,434.42401123046875,1789069952,434.42401123046875
2018-07-10,447.3160095214844,429.5069885253906,434.5150146484375,446.51800537109375,1422470016,446.51800537109375
2018-07-11,446.50201416015625,422.80999755859375,446.50201416015625,430.0740051269531,1495440000,430.0740051269531
2018-07-12,442.3630065917969,430.7409973144531,430.7409973144531,434.0270080566406,1489670016,434.0270080566406
2018-07-13,439.4339904785156,431.4739990234375,434.510986328125,436.08599853515625,1235820032,436.08599853515625
2018-07-14,454.0010070800781,433.9209899902344,435.88299560546875,449.8500061035156,1350160000,449.8500061035156
2018-07-15,480.6579895019531,446.7980041503906,450.42498779296875,480.6579895019531,1858680064,480.6579895019531
2018-07-16,508.7799987792969,468.9150085449219,480.0769958496094,501.00201416015625,2288100096,501.00201416015625
2018-07-17,513.4329833984375,474.3590087890625,500.8380126953125,480.51300048828125,2371559936,480.51300048828125
2018-07-18,483.239990234375,465.1419982910156,480.62799072265625,469.6189880371094,2068739968,469.6189880371094
2018-07-19,469.3070068359375,443.6929931640625,469.3070068359375,450.697998046875,1821350016,450.697998046875
2018-07-20,468.0830078125,445.7760009765625,450.6789855957031,462.4360046386719,1504310016,462.4360046386719
2018-07-21,470.89801025390625,458.1189880371094,462.43798828125,459.6570129394531,1338589952,459.6570129394531
2018-07-22,469.7659912109375,449.7279968261719,459.4389953613281,450.8529968261719,1596999936,450.8529968261719
2018-07-23,481.1419982910156,450.56500244140625,451.135986328125,479.37298583984375,2287520000,479.37298583984375
2018-07-24,482.8680114746094,466.4739990234375,479.906005859375,472.4930114746094,1930780032,472.4930114746094
2018-07-25,483.6960144042969,461.42401123046875,472.33099365234375,464.0369873046875,1621560064,464.0369873046875
2018-07-26,473.22198486328125,458.2909851074219,464.0090026855469,469.6659851074219,1734259968,469.6659851074219
2018-07-27,471.593994140625,462.989013671875,469.6780090332031,466.89801025390625,1531890048,466.89801025390625
2018-07-28,470.3559875488281,462.7120056152344,466.9150085449219,466.6650085449219,1631910016,466.6650085449219
2018-07-29,467.9519958496094,448.6409912109375,466.8269958496094,457.08099365234375,2141590000,457.08099365234375
2018-07-30,457.2449951171875,430.4440002441406,457.2449951171875,433.86700439453125,1820680000,433.86700439453125
2018-07-31,435.4570007324219,410.4639892578125,433.8689880371094,420.74700927734375,1888060000,420.74700927734375
2018-08-01,425.03399658203125,410.3089904785156,420.8059997558594,412.6210021972656,1569300000,412.6210021972656
2018-08-02,420.54901123046875,399.9100036621094,412.5669860839844,418.2619934082031,1722340000,418.2619934082031
2018-08-03,420.1860046386719,403.7760009765625,418.23699951171875,407.25201416015625,1466540000,407.25201416015625
2018-08-04,413.71600341796875,402.4320068359375,407.34600830078125,410.5159912109375,1396820000,410.5159912109375
2018-08-05,414.5400085449219,403.31500244140625,410.5669860839844,406.6579895019531,1384880000,406.6579895019531
2018-08-06,411.4049987792969,376.0769958496094,406.8009948730469,380.2149963378906,1828350000,380.2149963378906
2018-08-07,380.6709899902344,353.7340087890625,379.8919982910156,356.6130065917969,2016080000,356.6130065917969
2018-08-08,370.9460144042969,353.614013671875,356.97100830078125,365.5880126953125,1616610000,365.5880126953125
2018-08-09,367.0450134277344,329.58599853515625,365.7760009765625,334.1759948730469,1699400000,334.1759948730469
2018-08-10,334.2640075683594,308.4880065917969,334.2640075683594,322.11199951171875,1790370000,322.11199951171875
2018-08-11,328.5899963378906,318.60198974609375,320.822998046875,319.57000732421875,1625420000,319.57000732421875
2018-08-12,323.5509948730469,284.9339904785156,320.2099914550781,286.4949951171875,1751190000,286.4949951171875
2018-08-13,286.364990234375,254.64999389648438,286.364990234375,278.9320068359375,2137850000,278.9320068359375
2018-08-14,303.5899963378906,280.1189880371094,280.3869934082031,282.364013671875,1878150000,282.364013671875
2018-08-15,298.47601318359375,280.9280090332031,282.7409973144531,288.0459899902344,1552970000,288.0459899902344
2018-08-16,316.1700134277344,287.34600830078125,287.6830139160156,315.72900390625,1995460000,315.72900390625
2018-08-17,320.4460144042969,286.5509948730469,316.7909851074219,295.81201171875,1764020000,295.81201171875
2018-08-18,307.0979919433594,291.3320007324219,295.6700134277344,300.8340148925781,1447910000,300.8340148925781
2018-08-19,304.37200927734375,273.510986328125,301.3810119628906,274.31500244140625,1413790000,274.31500244140625
2018-08-20,285.9700012207031,273.33099365234375,273.33099365234375,281.9440002441406,1164120000,281.9440002441406
2018-08-21,297.4859924316406,264.99798583984375,281.9679870605469,271.34100341796875,1507660000,271.34100341796875
2018-08-22,279.5459899902344,271.0899963378906,271.74798583984375,277.10400390625,1271160000,277.10400390625
2018-08-23,283.302001953125,273.8599853515625,278.1109924316406,282.9670104980469,1450170000,282.9670104980469
2018-08-24,283.5150146484375,278.47100830078125,283.281005859375,279.64599609375,1208360000,279.64599609375
2018-08-25,279.5249938964844,272.4440002441406,279.5249938964844,275.1969909667969,1206650000,275.1969909667969
2018-08-26,285.6029968261719,273.6499938964844,275.3500061035156,285.6029968261719,1406790000,285.6029968261719
2018-08-27,297.3999938964844,283.5719909667969,286.64898681640625,296.4989929199219,1513350000,296.4989929199219
2018-08-28,297.0710144042969,287.2869873046875,296.1629943847656,289.31201171875,1474460000,289.31201171875
2018-08-29,291.2430114746094,275.21099853515625,289.75299072265625,284.1050109863281,1513100000,284.1050109863281
2018-08-30,284.5509948730469,278.51300048828125,284.1199951171875,283.0039978027344,1411910000,283.0039978027344
2018-08-31,301.1440124511719,283.4960021972656,283.4960021972656,295.34100341796875,1546630000,295.34100341796875
2018-09-01,298.6860046386719,290.9259948730469,295.4530029296875,294.3710021972656,1321050000,294.3710021972656
2018-09-02,295.59100341796875,287.4320068359375,295.1809997558594,289.2590026855469,1394490000,289.2590026855469
2018-09-03,291.5799865722656,284.2550048828125,289.2969970703125,285.7229919433594,1554870000,285.7229919433594
2018-09-04,288.1629943847656,232.33099365234375,286.0450134277344,232.33099365234375,2390390000,232.33099365234375
2018-09-05,231.7550048828125,218.1230010986328,231.6479949951172,230.21499633789062,2097310000,230.21499633789062
2018-09-06,233.89599609375,217.0749969482422,229.53500366210938,217.2030029296875,1678260000,217.2030029296875
2018-09-07,220.36700439453125,193.25900268554688,217.91200256347656,197.9510040283203,1517200000,197.9510040283203
2018-09-08,207.66600036621094,188.30599975585938,198.38499450683594,196.9239959716797,1585980000,196.9239959716797
2018-09-09,201.88299560546875,189.58399963378906,197.8509979248047,197.07899475097656,1502960000,197.07899475097656
2018-09-10,198.50599670410156,180.5959930419922,198.177001953125,185.0659942626953,1568900000,185.0659942626953
2018-09-11,185.58700561523438,170.2570037841797,185.42300415039062,183.33099365234375,1874850000,183.33099365234375
2018-09-12,214.0019989013672,183.6790008544922,183.6790008544922,211.35400390625,2330720000,211.35400390625
2018-09-13,222.79400634765625,204.87100219726562,212.66900634765625,211.74899291992188,2232190000,211.74899291992188
2018-09-14,226.60400390625,209.6060028076172,209.81399536132812,223.07400512695312,1670490000,223.07400512695312
2018-09-15,222.80299377441406,211.1179962158203,222.80299377441406,220.58900451660156,1502260000,220.58900451660156
2018-09-16,224.26100158691406,195.30799865722656,221.58200073242188,197.875,2019910000,197.875
2018-09-17,213.35699462890625,195.9340057373047,197.09500122070312,209.97500610351562,1800640000,209.97500610351562
2018-09-18,213.87100219726562,201.656005859375,209.4720001220703,209.968994140625,1733330000,209.968994140625
2018-09-19,224.8179931640625,207.78900146484375,210.28799438476562,224.59100341796875,1782070000,224.59100341796875
2018-09-20,248.38800048828125,221.56700134277344,225.25100708007812,246.58399963378906,2836200000,246.58399963378906
2018-09-21,251.1959991455078,233.80999755859375,247.33700561523438,240.47999572753906,1921820000,240.47999572753906
2018-09-22,247.46400451660156,237.85699462890625,240.99200439453125,244.3300018310547,1693470000,244.3300018310547
2018-09-23,245.10800170898438,227.49000549316406,244.843994140625,228.72999572753906,1748740000,228.72999572753906
2018-09-24,228.32699584960938,206.49000549316406,228.32699584960938,218.5050048828125,2120360000,218.5050048828125
2018-09-25,221.43699645996094,209.11300659179688,218.64700317382812,215.8470001220703,1756100000,215.8470001220703
2018-09-26,230.60699462890625,212.6540069580078,215.44000244140625,228.49400329589844,2030320000,228.49400329589844
2018-09-27,231.7480010986328,218.66900634765625,229.04100036621094,222.40199279785156,2018120000,222.40199279785156
2018-09-28,234.01400756835938,216.0780029296875,221.7050018310547,231.63499450683594,2208720000,231.63499450683594
2018-09-29,236.98599243164062,228.44500732421875,231.32899475097656,232.84800720214844,1765560000,232.84800720214844
2018-09-30,234.14500427246094,226.94500732421875,233.22000122070312,230.76800537109375,1597500000,230.76800537109375
2018-10-01,231.16700744628906,225.83799743652344,231.10000610351562,227.18099975585938,1542080000,227.18099975585938
2018-10-02,226.45799255371094,213.9709930419922,226.40699768066406,220.48899841308594,1683930000,220.48899841308594
2018-10-03,226.1479949951172,220.08999633789062,220.4459991455078,222.21800231933594,1479500000,222.21800231933594
2018-10-04,228.31900024414062,220.95700073242188,222.26699829101562,227.6009979248047,1547330000,227.6009979248047
2018-10-05,227.92599487304688,224.24600219726562,227.552001953125,225.1199951171875,1505070000,225.1199951171875
2018-10-06,226.3699951171875,222.99600219726562,225.43499755859375,226.11900329589844,1470480000,226.11900329589844
2018-10-07,230.76499938964844,224.5570068359375,226.50900268554688,229.2550048828125,1470740000,229.2550048828125
2018-10-08,230.16099548339844,226.4010009765625,229.7100067138672,227.98199462890625,1405130000,227.98199462890625
2018-10-09,227.70700073242188,224.4949951171875,227.61500549316406,225.7689971923828,1384040000,225.7689971923828
2018-10-10,225.61000061035156,189.2830047607422,225.61000061035156,189.49899291992188,2167620000,189.49899291992188
2018-10-11,199.4010009765625,188.70700073242188,188.70700073242188,196.7270050048828,1487900000,196.7270050048828
2018-10-12,201.2790069580078,196.36399841308594,196.36399841308594,199.84100341796875,1167610000,199.84100341796875
2018-10-13,201.82699584960938,195.2429962158203,199.6909942626953,195.71499633789062,1169260000,195.71499633789062
2018-10-14,222.1179962158203,194.15899658203125,195.27000427246094,209.70399475097656,2865830000,209.70399475097656
2018-10-15,212.17300415039062,207.98399353027344,209.6280059814453,210.1199951171875,1532280000,210.1199951171875
2018-10-16,211.125,205.92799377441406,210.2169952392578,207.08299255371094,1444130000,207.08299255371094
2018-10-17,208.47000122070312,201.7429962158203,207.4040069580078,203.3520050048828,1365860000,203.3520050048828
2018-10-18,204.66299438476562,201.843994140625,203.2570037841797,203.7270050048828,1264480000,203.7270050048828
2018-10-19,206.2220001220703,203.0850067138672,203.51499938964844,205.42999267578125,1238780000,205.42999267578125
2018-10-20,208.15499877929688,204.62100219726562,205.38999938964844,205.14199829101562,1190300000,205.14199829101562
2018-10-21,206.9320068359375,203.3769989013672,205.1739959716797,204.04400634765625,1328980000,204.04400634765625
2018-10-22,205.1510009765625,201.91099548339844,204.01600646972656,204.33599853515625,1237490000,204.33599853515625
2018-10-23,205.58099365234375,203.35400390625,204.1269989013672,203.8520050048828,1102220000,203.8520050048828
2018-10-24,204.1320037841797,201.822998046875,203.8679962158203,202.718994140625,1102900000,202.718994140625
2018-10-25,204.77999877929688,201.55099487304688,202.33599853515625,203.32899475097656,1161310000,203.32899475097656
2018-10-26,206.08200073242188,203.12600708007812,203.3560028076172,204.2100067138672,1084810000,204.2100067138672
2018-10-27,205.91900634765625,203.5229949951172,204.50999450683594,205.36599731445312,1139140000,205.36599731445312
2018-10-29,205.5970001220703,195.73399353027344,205.1739959716797,197.2469940185547,1517230000,197.2469940185547
2018-10-30,198.1219940185547,196.3509979248047,197.2030029296875,197.55599975585938,1363500000,197.55599975585938
2018-10-31,198.33799743652344,196.531005859375,197.6490020751953,197.38099670410156,1442380000,197.38099670410156
2018-11-01,203.75399780273438,197.3280029296875,197.53700256347656,198.8719940185547,1336700000,198.8719940185547
2018-11-02,201.2689971923828,198.7550048828125,198.98199462890625,200.63499450683594,1451870000,200.63499450683594
2018-11-03,200.74000549316406,199.52499389648438,200.74000549316406,200.18600463867188,1307150000,200.18600463867188
2018-11-04,211.27200317382812,198.98599243164062,200.1580047607422,207.48599243164062,1749300000,207.48599243164062
2018-11-05,210.81900024414062,206.572998046875,207.10000610351562,209.09100341796875,1613510000,209.09100341796875
2018-11-06,218.45199584960938,207.8939971923828,209.4739990234375,218.45199584960938,1856940000,218.45199584960938
2018-11-07,221.65199279785156,216.79600524902344,218.8990020751953,217.18299865722656,1927830000,217.18299865722656
2018-11-08,218.33799743652344,212.19900512695312,217.32699584960938,212.2310028076172,1769080000,212.2310028076172
2018-11-09,213.3159942626953,209.51499938964844,211.98699951171875,210.07400512695312,1554750000,210.07400512695312
2018-11-10,213.85699462890625,209.80499267578125,209.97500610351562,212.5330047607422,1377760000,212.5330047607422
2018-11-11,212.99899291992188,208.8679962158203,212.47900390625,211.33999633789062,1501600000,211.33999633789062
2018-11-12,212.6230010986328,208.9239959716797,211.51300048828125,210.41799926757812,1452380000,210.41799926757812
2018-11-13,210.51499938964844,206.13499450683594,210.1490020751953,206.8260040283203,1610260000,206.8260040283203
2018-11-14,207.0449981689453,174.08399963378906,206.53399658203125,181.39700317382812,2595330000,181.39700317382812
2018-11-15,184.25100708007812,170.18899536132812,181.8990020751953,180.80599975585938,2638410000,180.80599975585938
2018-11-16,181.35000610351562,173.12600708007812,180.86500549316406,175.177001953125,2015330000,175.177001953125
2018-11-17,175.8509979248047,172.86900329589844,175.36000061035156,174.00100708007812,1832800000,174.00100708007812
2018-11-18,179.15199279785156,174.1750030517578,174.1750030517578,177.06700134277344,1810920000,177.06700134277344
2018-11-19,177.1790008544922,147.8509979248047,177.1790008544922,149.1750030517578,2745160000,149.1750030517578
2018-11-20,151.2530059814453,126.36000061035156,148.81100463867188,130.33900451660156,3134410000,130.33900451660156
2018-11-21,138.88999938964844,125.75800323486328,131.14199829101562,136.7010040283203,2685930000,136.7010040283203
2018-11-22,137.74000549316406,126.70600128173828,136.81100463867188,126.70600128173828,1792150000,126.70600128173828
2018-11-23,127.02799987792969,119.55899810791016,126.41899871826172,123.2959976196289,1998010000,123.2959976196289
2018-11-24,126.78800201416016,110.82499694824219,123.30400085449219,113.49400329589844,1800960000,113.49400329589844
2018-11-25,118.88099670410156,101.7699966430664,113.1259994506836,116.44999694824219,2466750000,116.44999694824219
2018-11-26,118.20099639892578,104.89299774169922,116.34300231933594,108.33499908447266,2139490000,108.33499908447266
2018-11-27,111.84200286865234,102.4520034790039,107.91300201416016,110.01000213623047,2320010000,110.01000213623047
2018-11-28,126.0479965209961,110.197998046875,110.197998046875,122.43800354003906,2673470000,122.43800354003906
2018-11-29,123.22972106933594,115.29769134521484,122.72154998779297,117.54264831542969,2196099150,117.54264831542969
2018-11-30,119.42376708984375,111.74496459960938,117.72809600830078,113.17142486572266,2020748395,113.17142486572266
2018-12-01,120.8414535522461,111.61912536621094,113.39775848388672,118.63555908203125,2131475767,118.63555908203125
2018-12-02,120.56204986572266,116.092041015625,118.26815032958984,116.38890075683594,1856199148,116.38890075683594
2018-12-03,116.61907196044922,107.41565704345703,116.3787612915039,108.92501831054688,1772756192,108.92501831054688
2018-12-04,113.14291381835938,107.40271759033203,108.80316162109375,110.21418762207031,1748116495,110.21418762207031
2018-12-05,110.5986099243164,102.47555541992188,110.33551788330078,102.47555541992188,1990157607,102.47555541992188
2018-12-06,104.1034927368164,91.76105499267578,102.45059204101562,91.76105499267578,2310716932,91.76105499267578
2018-12-07,96.08984375,83.46971893310547,91.64983367919922,93.29456329345703,2554304529,93.29456329345703
2018-12-08,97.05988311767578,86.82566833496094,93.41007995605469,92.15963745117188,1855759401,92.15963745117188
2018-12-09,98.90003204345703,91.03128051757812,92.03543090820312,95.14205932617188,1875567179,95.14205932617188
2018-12-10,96.2573013305664,90.65425109863281,94.99217224121094,91.68565368652344,1756437577,91.68565368652344
2018-12-11,92.7823257446289,87.68840789794922,91.57893371582031,88.94530487060547,1707497898,88.94530487060547
2018-12-12,92.24055480957031,88.26355743408203,88.61070251464844,90.59329986572266,1533050103,90.59329986572266
2018-12-13,91.11160278320312,85.518310546875,90.65522766113281,86.53931427001953,1754475621,86.53931427001953
2018-12-14,87.14494323730469,83.22647094726562,86.63035583496094,84.30829620361328,1651491876,84.30829620361328
2018-12-15,85.34274291992188,82.82988739013672,84.27969360351562,84.44081115722656,1496176898,84.44081115722656
2018-12-16,87.56812286376953,84.46940612792969,84.46940612792969,85.26210021972656,1565817037,85.26210021972656
2018-12-17,96.8050537109375,85.38211059570312,85.38211059570312,95.13382720947266,2101453023,95.13382720947266
2018-12-18,101.32023620605469,92.96852111816406,95.10803985595703,101.11245727539062,2277514075,101.11245727539062
2018-12-19,108.54905700683594,100.69145965576172,101.68384552001953,101.2685775756836,2456482114,101.2685775756836
2018-12-20,117.17012786865234,100.63996124267578,101.09043884277344,116.21687316894531,3063842618,116.21687316894531
2018-12-21,119.09416198730469,107.58479309082031,115.83540344238281,109.49623107910156,2632539990,109.49623107910156
2018-12-22,116.7594985961914,107.50316619873047,109.45594024658203,116.7594985961914,2338772938,116.7594985961914
2018-12-23,133.07530212402344,117.27389526367188,117.27389526367188,130.7652587890625,3579715060,130.7652587890625
2018-12-24,157.668701171875,130.64166259765625,130.64166259765625,140.23800659179688,4370343386,140.23800659179688
2018-12-25,140.99758911132812,125.11328887939453,140.99758911132812,129.84434509277344,3298280609,129.84434509277344
2018-12-26,136.67724609375,126.29290771484375,129.88882446289062,131.86563110351562,2720469126,131.86563110351562
2018-12-27,132.67706298828125,115.65010070800781,131.923583984375,116.57591247558594,2612804378,116.57591247558594
2018-12-28,137.6470184326172,115.69313049316406,116.89820098876953,137.6470184326172,3130201009,137.6470184326172
2018-12-29,147.03433227539062,134.57017517089844,138.46878051757812,138.01834106445312,3169029972,138.01834106445312
2018-12-30,140.6890869140625,133.98233032226562,137.62745666503906,139.8594512939453,2660086834,139.8594512939453
2018-12-31,140.18115234375,132.51939392089844,140.03106689453125,133.36827087402344,2358360233,133.36827087402344
2019-01-01,141.3975067138672,132.6507110595703,133.41815185546875,140.8194122314453,2258709868,140.8194122314453
2019-01-02,156.92913818359375,140.6509552001953,141.51951599121094,155.0476837158203,3328240369,155.0476837158203
2019-01-03,155.86305236816406,147.1983642578125,155.196044921875,149.135009765625,2676164880,149.135009765625
2019-01-04,156.8789825439453,147.9071044921875,148.9128875732422,154.58193969726562,3126192535,154.58193969726562
2019-01-05,160.82489013671875,154.33741760253906,154.33741760253906,155.6385955810547,3338211928,155.6385955810547
2019-01-06,159.37144470214844,152.08592224121094,155.80422973632812,157.74620056152344,3231294371,157.74620056152344
2019-01-07,158.45042419433594,151.15072631835938,157.8094940185547,151.69921875,2712108387,151.69921875
2019-01-08,153.6257781982422,148.66954040527344,151.96754455566406,150.35963439941406,2459808140,150.35963439941406
2019-01-09,153.62225341796875,150.2883758544922,150.5546875,150.80311584472656,2369241196,150.80311584472656
2019-01-10,152.1482696533203,126.52937316894531,150.843505859375,128.62518310546875,3397734455,128.62518310546875
2019-01-11,130.1659393310547,125.24494171142578,127.81396484375,127.54832458496094,2667585233,127.54832458496094
2019-01-12,128.66612243652344,125.4467544555664,127.52808380126953,125.9665298461914,2212109224,125.9665298461914
2019-01-13,126.26787567138672,116.08596801757812,125.9072265625,116.8978042602539,2268263943,116.8978042602539
2019-01-14,130.8567352294922,116.96755981445312,116.97909545898438,129.0687255859375,2798085735,129.0687255859375
2019-01-15,130.74356079101562,120.3115234375,129.1726837158203,122.03271484375,2735449164,122.03271484375
2019-01-16,127.11824798583984,121.44141387939453,121.80924224853516,123.54705810546875,2746469339,123.54705810546875
2019-01-17,124.27072143554688,120.81703186035156,123.57353973388672,123.7419204711914,2594091284,123.7419204711914
2019-01-18,123.84169006347656,120.24190521240234,123.65465545654297,121.01026153564453,2305389799,121.01026153564453
2019-01-19,125.90422821044922,121.1610336303711,121.61442565917969,124.5190200805664,3048261797,124.5190200805664
2019-01-20,125.07038879394531,118.70232391357422,124.63240051269531,119.4748306274414,2964108269,119.4748306274414
2019-01-21,119.71543884277344,116.15744018554688,119.63645935058594,117.15785217285156,2421720342,117.15785217285156
2019-01-22,119.66434478759766,114.67668151855469,117.11075592041016,118.74755096435547,2552507404,118.74755096435547
2019-01-23,119.42279815673828,116.37664794921875,118.71381378173828,117.45260620117188,2556952198,117.45260620117188
2019-01-24,118.0321044921875,116.00679779052734,117.46278381347656,117.36288452148438,2520843419,117.36288452148438
2019-01-25,117.80299377441406,115.83015441894531,117.59495544433594,116.37834167480469,2606881898,116.37834167480469
2019-01-26,118.08411407470703,115.98057556152344,116.37352752685547,116.48873901367188,2412181168,116.48873901367188
2019-01-27,116.68540954589844,113.40528869628906,116.51031494140625,113.40528869628906,2775888286,113.40528869628906
2019-01-28,113.688232421875,103.33646392822266,113.28523254394531,106.58997344970703,3366895504,106.58997344970703
2019-01-29,107.16578674316406,103.99922943115234,106.72195434570312,105.59821319580078,2900418605,105.59821319580078
2019-01-30,109.4529800415039,104.84379577636719,105.4072036743164,108.90753936767578,2874370354,108.90753936767578
2019-01-31,110.45835876464844,106.52535247802734,108.90077209472656,107.0610122680664,2828796030,107.0610122680664
2019-02-01,108.63871002197266,105.04650115966797,107.1476821899414,107.60978698730469,2541271518,107.60978698730469
2019-02-02,110.65387725830078,106.76402282714844,107.46641540527344,110.43025970458984,2385157837,110.43025970458984
2019-02-03,110.82735443115234,106.5639877319336,110.49031829833984,107.49266815185547,2519334756,107.49266815185547
2019-02-04,108.70103454589844,107.06742095947266,107.62582397460938,107.82160186767578,2491888674,107.82160186767578
2019-02-05,108.1347885131836,106.90989685058594,107.62816619873047,107.44351959228516,2515863998,107.44351959228516
2019-02-06,107.56930541992188,102.93456268310547,107.56930541992188,104.9192886352539,2593048199,104.9192886352539
2019-02-07,106.05887603759766,104.40913391113281,104.83577728271484,104.5353012084961,2326764622,104.5353012084961
2019-02-08,119.8058090209961,104.1944351196289,104.64505004882812,119.26774597167969,3656841346,119.26774597167969
2019-02-09,120.68973541259766,118.00040435791016,119.214111328125,119.4308853149414,2884650400,119.4308853149414
2019-02-10,124.85362243652344,117.10577392578125,119.40896606445312,124.80648803710938,3148766590,124.80648803710938
2019-02-11,124.87153625488281,120.31175231933594,124.87153625488281,121.29839324951172,3222473887,121.29839324951172
2019-02-12,123.46829986572266,119.60002899169922,121.17857360839844,122.5722885131836,3149576428,122.5722885131836
2019-02-13,125.55069732666016,121.61250305175781,122.5442886352539,122.55360412597656,3386585799,122.55360412597656
2019-02-14,124.45198822021484,121.33489227294922,122.41698455810547,121.39020538330078,3331701627,121.39020538330078
2019-02-15,123.66012573242188,121.37191772460938,121.45369720458984,122.10038757324219,3021741614,122.10038757324219
2019-02-16,124.13481140136719,122.29530334472656,122.39645385742188,123.26021575927734,2905833287,123.26021575927734
2019-02-17,134.46009826660156,123.09160614013672,123.18208312988281,133.598876953125,4236081129,133.598876953125
2019-02-18,147.68658447265625,133.00193786621094,133.0325469970703,146.09837341308594,5387525773,146.09837341308594
2019-02-19,149.9299774169922,145.1284637451172,146.39881896972656,145.34617614746094,5310842625,145.34617614746094
2019-02-20,149.55433654785156,142.5021209716797,145.1727294921875,149.55433654785156,4500094964,149.55433654785156
2019-02-21,149.35232543945312,144.56381225585938,149.35232543945312,146.13084411621094,3995766856,146.13084411621094
2019-02-22,149.26861572265625,145.20654296875,146.07325744628906,149.0924530029297,3731099283,149.0924530029297
2019-02-23,159.12586975097656,147.3310546875,148.67662048339844,158.79542541503906,4519468458,158.79542541503906
2019-02-24,165.54962158203125,135.8526611328125,158.90240478515625,135.8526611328125,5957715043,135.8526611328125
2019-02-25,142.52557373046875,135.4838409423828,135.49972534179688,139.82286071777344,4914392068,139.82286071777344
2019-02-26,139.9764404296875,136.57960510253906,139.64608764648438,138.0896759033203,3791292838,138.0896759033203
2019-02-27,141.3362274169922,131.60292053222656,138.02957153320312,136.12596130371094,4469776860,136.12596130371094
2019-02-28,138.84713745117188,135.6575927734375,136.2830810546875,136.74624633789062,4535438953,136.74624633789062
2019-03-01,138.99526977539062,136.43478393554688,136.83624267578125,136.44361877441406,3756124823,136.44361877441406
2019-03-02,137.18479919433594,132.43638610839844,136.35008239746094,134.2069549560547,3747176425,134.2069549560547
2019-03-03,135.8492889404297,131.328857421875,134.78611755371094,132.24942016601562,3454374052,132.24942016601562
2019-03-04,132.72914123535156,125.40270233154297,132.1578826904297,127.77412414550781,4008171341,127.77412414550781
2019-03-05,138.22998046875,126.73529815673828,127.79295349121094,137.8223876953125,4764849990,137.8223876953125
2019-03-06,139.96881103515625,136.1459197998047,137.958740234375,138.7893524169922,4589054218,138.7893524169922
2019-03-07,140.85787963867188,137.27313232421875,138.9423828125,138.0345001220703,4339206292,138.0345001220703
2019-03-08,139.4990997314453,133.5576934814453,138.3113555908203,135.1270751953125,4678816793,135.1270751953125
2019-03-09,139.11941528320312,134.6771240234375,134.88755798339844,137.96533203125,5011918715,137.96533203125
2019-03-10,138.2703094482422,135.68568420410156,138.1804962158203,136.75868225097656,4578438499,136.75868225097656
2019-03-11,137.35340881347656,133.10279846191406,136.8495330810547,133.8340301513672,4689807418,133.8340301513672
2019-03-12,135.27346801757812,130.94415283203125,134.01284790039062,134.44288635253906,4709987999,134.44288635253906
2019-03-13,134.6117706298828,132.7197265625,134.6117706298828,133.26307678222656,4265162099,133.26307678222656
2019-03-14,135.18084716796875,132.7500762939453,133.2039031982422,133.7115936279297,4476532147,133.7115936279297
2019-03-15,138.3951416015625,133.56715393066406,133.56715393066406,137.69178771972656,4506861856,137.69178771972656
2019-03-16,144.55844116210938,137.91195678710938,137.91195678710938,142.39817810058594,4839003568,142.39817810058594
2019-03-17,142.37191772460938,139.32351684570312,142.23829650878906,140.00054931640625,3827157729,140.00054931640625
2019-03-18,142.2672119140625,138.84156799316406,140.1048583984375,139.37460327148438,4551739878,139.37460327148438
2019-03-19,140.9890594482422,139.1430206298828,139.25401306152344,140.51919555664062,4251488128,140.51919555664062
2019-03-20,140.94557189941406,138.30703735351562,140.48471069335938,140.6863555908203,4664134462,140.6863555908203
2019-03-21,141.00323486328125,135.8554229736328,140.47848510742188,136.6360626220703,5087247796,136.6360626220703
2019-03-22,138.79429626464844,136.22860717773438,136.562255859375,137.1814422607422,4490899265,137.1814422607422
2019-03-23,139.38539123535156,136.91201782226562,137.0398712158203,138.2398681640625,4436568613,138.2398681640625
2019-03-24,138.3756103515625,136.31375122070312,138.3153533935547,136.98692321777344,4266845458,136.98692321777344
2019-03-25,137.69534301757812,133.4901580810547,137.08135986328125,135.03102111816406,4480516752,135.03102111816406
2019-03-26,135.46035766601562,133.75733947753906,135.0543212890625,135.46035766601562,4499271678,135.46035766601562
2019-03-27,141.07546997070312,135.34165954589844,135.45436096191406,140.9881591796875,5228240092,140.9881591796875
2019-03-28,141.0079345703125,138.4251708984375,141.00584411621094,139.41647338867188,4163212475,139.41647338867188
2019-03-29,142.5492401123047,138.04510498046875,139.34320068359375,142.49742126464844,5125602702,142.49742126464844
2019-03-30,149.6132354736328,141.03173828125,142.35914611816406,142.09268188476562,5144662126,142.09268188476562
2019-03-31,142.189208984375,140.69737243652344,142.13922119140625,141.51409912109375,4249050197,141.51409912109375
2019-03-31,142.73399353027344,140.73756408691406,141.46548461914062,141.830322265625,4611999536,141.830322265625
2019-04-01,165.22682189941406,141.63645935058594,141.8395233154297,163.9617462158203,9826645698,163.9617462158203
2019-04-02,178.32205200195312,157.3221435546875,164.00863647460938,161.45880126953125,10622456246,161.45880126953125
2019-04-03,164.92921447753906,155.24110412597656,161.4317626953125,158.0525360107422,7953123528,158.0525360107422
2019-04-04,167.2203826904297,157.44395446777344,158.02000427246094,165.5148468017578,7531316908,165.5148468017578
2019-04-05,172.51576232910156,161.79946899414062,165.51124572753906,165.94720458984375,7167016220,165.94720458984375
2019-04-06,175.21316528320312,164.93209838867188,165.97723388671875,174.53164672851562,7596176019,174.53164672851562
2019-04-07,184.3778533935547,174.16099548339844,174.44967651367188,180.25881958007812,9304964609,180.25881958007812
2019-04-08,180.2542266845703,175.0917510986328,180.2221221923828,176.1145782470703,7632529577,176.1145782470703
2019-04-09,183.13427734375,175.23037719726562,176.06784057617188,177.3374786376953,7856924878,177.3374786376953
2019-04-10,177.48748779296875,162.32061767578125,177.34275817871094,165.4970245361328,7859383417,165.4970245361328
2019-04-11,166.1275177001953,161.0297393798828,165.335205078125,164.736328125,6237185309,164.736328125
2019-04-12,166.3624267578125,163.01185607910156,164.6228485107422,164.5133514404297,4959301561,164.5133514404297
2019-04-13,168.59103393554688,162.78147888183594,164.47608947753906,167.83851623535156,4846298303,167.83851623535156
2019-04-14,168.81845092773438,159.5557403564453,167.89747619628906,161.5741729736328,5672311823,161.5741729736328
2019-04-15,167.66632080078125,160.8887481689453,161.52655029296875,167.62344360351562,5180105341,167.62344360351562
2019-04-16,168.93858337402344,165.50189208984375,167.55369567871094,166.9507598876953,5596102715,166.9507598876953
2019-04-17,175.36532592773438,166.672119140625,166.9132080078125,173.81402587890625,6971581464,173.81402587890625
2019-04-18,173.97889709472656,170.62020874023438,173.7878875732422,173.70843505859375,6541053060,173.70843505859375
2019-04-19,176.705810546875,171.78883361816406,173.71881103515625,173.7512664794922,6142567811,173.7512664794922
2019-04-20,174.4207763671875,167.4285888671875,173.7154083251953,170.04652404785156,6005571687,170.04652404785156
2019-04-21,173.06912231445312,168.72955322265625,170.01748657226562,171.87466430664062,6094878077,171.87466430664062
2019-04-22,176.8507843017578,170.89675903320312,172.00721740722656,171.4477996826172,7097827092,171.4477996826172
2019-04-23,171.57321166992188,161.9766845703125,171.3495330810547,165.8260955810547,7351304156,165.8260955810547
2019-04-24,166.51341247558594,153.8470001220703,165.91473388671875,154.4593963623047,6820332362,154.4593963623047
2019-04-25,158.0290069580078,152.08567810058594,154.57943725585938,156.3470916748047,7505283355,156.3470916748047
2019-04-26,160.58941650390625,155.62188720703125,156.27085876464844,158.4349365234375,5863109117,158.4349365234375
2019-04-27,159.5653839111328,157.12551879882812,158.49977111816406,157.29507446289062,5379894433,157.29507446289062
2019-04-28,158.33392333984375,153.1865234375,157.29104614257812,155.20199584960938,6053776253,155.20199584960938
2019-04-29,162.4322509765625,155.1727752685547,155.1727752685547,162.16603088378906,6275803459,162.16603088378906
2019-04-30,164.06068420410156,159.66021728515625,162.18655395507812,160.81834411621094,5789172432,160.81834411621094
2019-05-01,162.93701171875,160.06069946289062,160.85357666015625,162.12278747558594,6044171061,162.12278747558594
2019-05-02,170.06874084472656,161.08062744140625,162.07516479492188,167.95240783691406,7299410672,167.95240783691406
2019-05-03,170.64593505859375,161.7914276123047,167.88720703125,164.02658081054688,6658100048,164.02658081054688
2019-05-04,165.3999786376953,159.70065307617188,164.0152587890625,163.45069885253906,5938415561,163.45069885253906
2019-05-05,175.76010131835938,159.98818969726562,163.33798217773438,172.65321350097656,7540096853,172.65321350097656
2019-05-06,180.3944091796875,169.69471740722656,172.42727661132812,169.7986602783203,8411140169,169.7986602783203
2019-05-07,172.1835479736328,166.40924072265625,169.90420532226562,170.9481658935547,6416569597,170.9481658935547
2019-05-08,172.88040161132812,167.2478790283203,170.95187377929688,170.289306640625,6546914197,170.289306640625
2019-05-09,175.88526916503906,168.99142456054688,170.31297302246094,173.1427459716797,8036919052,173.1427459716797
2019-05-10,203.46664428710938,173.13931274414062,173.13931274414062,194.30433654785156,12578331654,194.30433654785156
2019-05-11,201.88148498535156,183.6539306640625,194.16302490234375,187.3253173828125,10326050089,187.3253173828125
2019-05-12,205.0982666015625,185.305908203125,187.4179229736328,196.84628295898438,10367149038,196.84628295898438
2019-05-13,217.87464904785156,196.0548095703125,196.73828125,217.14857482910156,12751049754,217.14857482910156
2019-05-14,247.44659423828125,216.82211303710938,217.01011657714844,247.15306091308594,13460006533,247.15306091308594
2019-05-15,275.3944396972656,245.7952880859375,246.94195556640625,264.010009765625,18661465872,264.010009765625
2019-05-16,266.9796142578125,227.76742553710938,263.8483581542969,243.76458740234375,16037551694,243.76458740234375
2019-05-17,246.36277770996094,233.099853515625,243.9113006591797,234.59523010253906,10933142646,234.59523010253906
2019-05-18,263.7409973144531,233.7586669921875,234.449462890625,261.2922058105469,12049250893,261.2922058105469
2019-05-19,261.55126953125,241.80364990234375,261.2674865722656,251.86441040039062,10834541285,251.86441040039062
2019-05-20,262.1075439453125,248.19630432128906,251.64784240722656,255.21588134765625,11545049593,255.21588134765625
2019-05-21,258.8018493652344,242.73048400878906,254.9953155517578,244.69891357421875,9818257462,244.69891357421875
2019-05-22,247.61663818359375,233.7930908203125,244.6651153564453,245.96566772460938,10671663487,245.96566772460938
2019-05-23,255.2593231201172,243.24009704589844,245.98709106445312,249.4849853515625,9929433205,249.4849853515625
2019-05-24,257.3568420410156,249.0887908935547,249.6940460205078,251.75987243652344,8924985384,251.75987243652344
2019-05-25,269.1665344238281,247.24539184570312,251.72479248046875,267.06964111328125,9664267730,267.06964111328125
2019-05-26,278.50726318359375,265.4447021484375,267.1418762207031,272.8626403808594,12074664735,272.8626403808594
2019-05-27,274.3208312988281,267.5143737792969,272.5904846191406,271.7687072753906,10362846898,271.7687072753906
2019-05-28,273.75628662109375,263.0914001464844,271.779052734375,269.4556884765625,9819132174,269.4556884765625
2019-05-29,287.2016296386719,247.34860229492188,269.5518798828125,255.85894775390625,13604268584,255.85894775390625
2019-05-30,268.6599426269531,249.11184692382812,256.0152893066406,268.1135559082031,11255023514,268.1135559082031
2019-05-31,273.5579833984375,263.52459716796875,268.433349609375,265.3912658691406,9942869851,265.3912658691406
2019-06-01,272.8072204589844,265.0418701171875,265.5127258300781,270.22552490234375,8744111713,270.22552490234375
2019-06-02,270.3341064453125,251.26219177246094,270.08856201171875,252.60792541503906,9375712916,252.60792541503906
2019-06-03,252.5116424560547,236.12721252441406,252.5116424560547,241.3387908935547,10132549746,241.3387908935547
2019-06-04,248.1381378173828,239.98345947265625,241.49703979492188,247.05101013183594,8548917061,247.05101013183594
2019-06-05,249.9445037841797,238.50111389160156,246.9252471923828,249.47433471679688,8265146806,249.47433471679688
2019-06-06,254.352294921875,246.597900390625,249.3352813720703,250.93035888671875,8379534527,250.93035888671875
2019-06-07,252.3773956298828,243.22911071777344,251.2493133544922,245.73809814453125,7225996863,245.73809814453125
2019-06-08,245.9728240966797,229.25743103027344,245.5404815673828,233.08670043945312,7566421455,233.08670043945312
2019-06-09,247.66217041015625,229.34176635742188,232.83013916015625,247.52012634277344,8141159847,247.52012634277344
2019-06-10,248.66258239746094,239.82534790039062,247.86212158203125,245.78182983398438,7382269700,245.78182983398438
2019-06-11,261.017578125,244.49131774902344,245.9254913330078,260.9032897949219,8645598617,260.9032897949219
2019-06-12,262.1631164550781,255.59628295898438,260.91351318359375,256.1687927246094,8442077836,256.1687927246094
2019-06-13,265.37139892578125,254.14743041992188,256.1796569824219,264.08746337890625,8676891266,264.08746337890625
2019-06-14,271.5055847167969,262.1212158203125,263.93414306640625,269.0193176269531,8126853943,269.0193176269531
2019-06-15,278.1431884765625,265.53533935546875,268.9011535644531,269.22320556640625,9676746452,269.22320556640625
2019-06-16,275.44256591796875,268.3537902832031,269.090576171875,274.3511047363281,6009795781,274.3511047363281
2019-06-17,274.32025146484375,263.1444396972656,274.32025146484375,265.0518493652344,6205242503,265.0518493652344
2019-06-18,270.3333740234375,264.7547912597656,265.0568542480469,269.4317932128906,5516510947,269.4317932128906
2019-06-19,274.0735168457031,265.5004577636719,269.4078674316406,271.69500732421875,6408981097,271.69500732421875
2019-06-20,295.3033142089844,271.74310302734375,271.74310302734375,294.9102783203125,9331694139,294.9102783203125
2019-06-21,315.1897277832031,294.7282409667969,295.1150817871094,309.38031005859375,10613731254,309.38031005859375
2019-06-22,318.565673828125,305.76458740234375,309.41668701171875,307.8277893066406,8161062379,307.8277893066406
2019-06-23,312.329345703125,299.5595397949219,307.7221374511719,310.4246826171875,8205712062,310.4246826171875
2019-06-24,318.1263122558594,307.6431579589844,310.6786193847656,318.1263122558594,9641764965,318.1263122558594
2019-06-25,361.398681640625,315.9548645019531,317.9925842285156,336.753173828125,16437084081,336.753173828125
2019-06-26,343.4334411621094,278.5732421875,336.95989990234375,294.26763916015625,14038092502,294.26763916015625
2019-06-27,313.03155517578125,292.9398193359375,294.1430358886719,311.2261047363281,11514656819,311.2261047363281
2019-06-28,322.0435485839844,294.75384521484375,311.284423828125,320.0589294433594,10929374564,320.0589294433594
2019-06-29,322.7895812988281,290.69598388671875,319.58404541015625,290.69598388671875,10303111000,290.69598388671875
2019-06-30,301.0261535644531,280.0228271484375,290.26849365234375,293.64111328125,10292223947,293.64111328125
2019-07-01,295.6558532714844,272.6025695800781,293.5372619628906,291.596435546875,10618413951,291.596435546875
2019-07-02,303.342041015625,291.4016418457031,291.7646179199219,303.0999755859375,9926711979,303.0999755859375
2019-07-03,303.9611511230469,282.7657470703125,303.02508544921875,284.5232238769531,8403513105,284.5232238769531
2019-07-04,293.921142578125,282.6947021484375,284.38092041015625,287.9975280761719,8723493015,287.9975280761719
2019-07-05,295.9914245605469,286.6658630371094,287.8938293457031,287.547119140625,7674615024,287.547119140625
2019-07-06,310.1393127441406,286.10919189453125,287.6036071777344,305.7005615234375,8119724980,305.7005615234375
2019-07-07,314.26788330078125,303.5004577636719,305.7347717285156,313.25140380859375,9078905628,313.25140380859375
2019-07-08,318.2231140136719,305.28582763671875,313.3251647949219,308.8810119628906,10055159802,308.8810119628906
2019-07-09,313.0694580078125,285.5657958984375,308.8512878417969,290.0023193359375,11679985166,290.0023193359375
2019-07-10,290.02105712890625,266.09466552734375,289.94598388671875,268.70404052734375,10216287021,268.70404052734375
2019-07-11,278.8555908203125,268.0000305175781,268.6922607421875,276.2767028808594,8148936015,276.2767028808594
2019-07-12,276.68524169921875,263.0682678222656,276.28912353515625,269.45880126953125,6716829429,269.45880126953125
2019-07-13,269.6412353515625,227.2692108154297,269.2816162109375,227.57806396484375,8578339385,227.57806396484375
2019-07-14,235.02565002441406,210.39126586914062,227.96505737304688,229.7760009765625,9723674243,229.7760009765625
2019-07-15,234.5138397216797,197.37789916992188,229.7486572265625,199.1886749267578,9036620493,199.1886749267578
2019-07-16,217.9756317138672,193.99041748046875,199.06678771972656,211.48497009277344,9387747639,211.48497009277344
2019-07-17,229.23939514160156,208.03773498535156,211.44461059570312,226.566162109375,9327816059,226.566162109375
2019-07-18,226.9404754638672,215.83824157714844,226.65769958496094,221.3334197998047,7606433130,221.3334197998047
2019-07-19,234.19845581054688,221.18948364257812,221.41265869140625,229.1192169189453,7976245988,229.1192169189453
2019-07-20,229.86166381835938,219.0277557373047,229.16769409179688,225.63076782226562,6685082868,225.63076782226562
2019-07-21,226.86257934570312,213.44837951660156,225.6986541748047,217.5600128173828,6338843918,217.5600128173828
2019-07-22,218.51805114746094,209.63812255859375,217.56846618652344,212.728515625,6976091534,212.728515625
2019-07-23,217.53543090820312,203.89340209960938,212.55381774902344,217.04637145996094,7168982842,217.04637145996094
2019-07-24,224.2541961669922,216.13514709472656,216.9691162109375,219.6179962158203,6731281160,219.6179962158203
2019-07-25,220.23638916015625,214.1256866455078,219.6281280517578,219.62960815429688,5729852177,219.62960815429688
2019-07-26,223.5172576904297,204.9039306640625,219.6176300048828,207.40830993652344,6257703907,207.40830993652344
2019-07-27,212.04183959960938,202.25289916992188,207.4137725830078,211.18655395507812,5504887933,211.18655395507812
2019-07-28,213.9320526123047,208.76431274414062,211.1236572265625,211.26805114746094,5485190664,211.26805114746094
2019-07-29,213.61407470703125,206.86761474609375,211.33920288085938,210.52259826660156,5489918858,210.52259826660156
2019-07-30,218.65414428710938,210.4379119873047,210.49241638183594,218.65414428710938,6003828339,218.65414428710938
2019-07-31,218.81265258789062,212.9145050048828,218.55459594726562,217.80844116210938,5965442642,217.80844116210938
2019-08-01,222.1825714111328,215.975830078125,217.88446044921875,217.87156677246094,6159440229,217.87156677246094
2019-08-02,224.62322998046875,217.3317413330078,217.8955535888672,222.49034118652344,5697798687,222.49034118652344
2019-08-03,224.227294921875,218.49217224121094,222.580810546875,222.6697235107422,5238542572,222.6697235107422
2019-08-04,235.63528442382812,222.6038818359375,222.65087890625,234.21502685546875,7765060287,234.21502685546875
2019-08-05,239.11590576171875,223.55117797851562,234.24559020996094,226.02064514160156,7647742672,226.02064514160156
2019-08-06,229.6565704345703,222.77545166015625,225.92529296875,226.39100646972656,7020342209,226.39100646972656
2019-08-07,226.77471923828125,216.51625061035156,226.5184783935547,220.94186401367188,6713525643,220.94186401367188
2019-08-08,221.3643341064453,208.2459716796875,220.9086456298828,210.48890686035156,6964818794,210.48890686035156
2019-08-09,213.73483276367188,203.79310607910156,210.53016662597656,206.73353576660156,6584748527,206.73353576660156
2019-08-10,216.59864807128906,206.51080322265625,206.73223876953125,216.09286499023438,6440605604,216.09286499023438
2019-08-11,216.14256286621094,210.9464874267578,216.055908203125,211.28807067871094,5674315558,211.28807067871094
2019-08-12,211.38441467285156,205.42250061035156,211.3426971435547,208.70904541015625,5946313204,208.70904541015625
2019-08-13,209.06643676757812,186.33192443847656,208.60398864746094,186.6077423095703,7444456153,186.6077423095703
2019-08-14,189.462158203125,178.14256286621094,186.68350219726562,188.50205993652344,8197244441,188.50205993652344
2019-08-15,188.9055938720703,180.3848419189453,188.64425659179688,185.44007873535156,7133915837,185.44007873535156
2019-08-16,186.70314025878906,182.59388732910156,185.5316619873047,185.68768310546875,5512696512,185.68768310546875
2019-08-17,197.52249145507812,183.69223022460938,185.84109497070312,194.4935302734375,5969012023,194.4935302734375
2019-08-18,203.56015014648438,193.10824584960938,194.5560302734375,203.09193420410156,6145148691,203.09193420410156
2019-08-19,203.0159912109375,195.61953735351562,202.81314086914062,196.56541442871094,6408417609,196.56541442871094
2019-08-20,197.02743530273438,182.68917846679688,196.62168884277344,186.89163208007812,7775772700,186.89163208007812
2019-08-21,194.41551208496094,183.384521484375,186.9412384033203,191.33291625976562,7569043874,191.33291625976562
2019-08-22,195.906494140625,189.56231689453125,191.10687255859375,194.70620727539062,6658162376,194.70620727539062
2019-08-23,194.7849884033203,187.62725830078125,194.671630859375,191.28956604003906,6249737981,191.28956604003906
2019-08-24,192.163330078125,184.96475219726562,191.2347869873047,186.84239196777344,5826017143,186.84239196777344
2019-08-25,193.4421844482422,186.7355499267578,186.7355499267578,188.92938232421875,7207986636,188.92938232421875
2019-08-26,188.9631805419922,185.47293090820312,188.95005798339844,187.51666259765625,6042327402,187.51666259765625
2019-08-27,187.93087768554688,172.18560791015625,187.49549865722656,173.8899688720703,6696604087,173.8899688720703
2019-08-28,173.99639892578125,167.1708984375,173.9586944580078,169.51673889160156,7129569082,169.51673889160156
2019-08-29,170.7735137939453,167.0714111328125,169.48928833007812,168.83486938476562,5776520220,168.83486938476562
2019-08-30,174.323974609375,167.80258178710938,168.8878936767578,172.46978759765625,5830212248,172.46978759765625
2019-08-31,173.6968536376953,169.53128051757812,172.45840454101562,171.62942504882812,5554799575,171.62942504882812
2019-09-01,180.1452178955078,170.45169067382812,171.69760131835938,178.34735107421875,6503447136,178.34735107421875
